"","fish_id","date","mean_freq_min","median_freq_min","n"
"1",1255787,"2017-06-01",9.52518939393939,2.4,89
"2",1255787,"2017-06-02",7.56979166666667,2.30833333333333,113
"3",1255787,"2017-06-03",31.9442307692308,6.525,27
"4",1255787,"2017-06-04",9.41686274509804,2.6,86
"5",1255787,"2017-06-05",10.9961038961039,2.8,78
"6",1255787,"2017-06-06",6.96792717086835,2.25,120
"7",1255787,"2017-06-07",10.8786666666667,2.61666666666667,76
"8",1255787,"2017-06-08",10.8441558441558,2.63333333333333,78
"9",1255787,"2017-06-09",15.0993710691824,6.15,54
"10",1255787,"2017-06-10",15.0836419753086,2.33333333333333,55
"11",1255787,"2017-06-11",13.7888888888889,4.45,61
"12",1255787,"2017-06-12",8.61494845360825,2.63333333333333,98
"13",1255787,"2017-06-13",8.49455782312925,2.53333333333333,99
"14",1255787,"2017-06-14",11.7559523809524,3.475,71
"15",1255787,"2017-06-15",20.6371794871795,4.3,40
"16",1255787,"2017-06-16",11.2472222222222,3.15,73
"17",1255787,"2017-06-17",25.4828282828283,4.8,34
"18",1255787,"2017-06-18",21.9848039215686,2.31666666666667,35
"19",1255787,"2017-06-19",27.5074712643678,4.13333333333333,30
"20",1255787,"2017-06-20",20.5434959349593,3.48333333333333,42
"21",1255787,"2017-06-21",8.69357638888889,1.93333333333333,97
"22",1255787,"2017-06-22",13.2711111111111,4.5,61
"23",1255787,"2017-06-23",7.38811594202899,1.96666666666667,116
"24",1255787,"2017-06-24",20.2113821138211,5.93333333333333,42
"25",1255787,"2017-06-25",9.08699633699634,2.68333333333333,92
"26",1255787,"2017-06-26",20.8684684684685,6.08333333333333,38
"27",1255787,"2017-06-27",8.65399305555556,2.79166666666667,97
"28",1255787,"2017-06-28",9.44194756554307,4.31666666666667,90
"29",1255787,"2017-06-29",13.0852459016393,3.76666666666667,62
"30",1255787,"2017-06-30",9.75131578947368,3.33333333333333,77
"31",1255787,"2017-07-01",24.1446078431373,5.45833333333333,35
"32",1255787,"2017-07-02",11.1527027027027,4.075,75
"33",1255787,"2017-07-03",10.6292207792208,4.63333333333333,78
"34",1255787,"2017-07-04",11.1880630630631,3.65,75
"35",1255787,"2017-07-05",32.642,5.23333333333333,26
"36",1255787,"2017-07-06",21.1697368421053,6.01666666666667,39
"37",1255787,"2017-07-07",14.0820754716981,5.4,54
"38",1255787,"2017-07-11",13.4222222222222,5.93333333333333,61
"39",1255787,"2017-07-12",20.8952991452991,5.25,40
"40",1255787,"2017-07-13",26.5950617283951,6.55,28
"41",1255787,"2017-07-14",20.5472972972973,3.66666666666667,38
"42",1255787,"2017-07-15",9.72798353909465,4.55,82
"43",1255787,"2017-07-16",69.3318181818182,6.65,12
"44",1255787,"2017-07-17",250.261111111111,325.75,4
"45",1255787,"2017-07-18",24.9811111111111,4.14166666666667,31
"46",1255787,"2017-07-19",161.853333333333,28.7166666666667,6
"47",1255787,"2017-07-20",25.997619047619,3,29
"48",1255787,"2017-07-21",101.127083333333,11.5166666666667,9
"49",1255787,"2017-07-22",154.656666666667,5.51666666666667,6
"50",1255787,"2017-07-23",91.9770833333333,5.9,9
"51",1255787,"2017-07-24",91.7555555555555,22.95,7
"52",1255787,"2017-07-25",162.704166666667,189.358333333333,5
"53",1255787,"2017-07-26",4.53333333333333,4.53333333333333,2
"54",1255787,"2017-07-27",57.8583333333333,57.8583333333333,3
"55",1255787,"2017-07-28",61.1541666666667,24.2583333333333,9
"56",1255787,"2017-07-29",448.616666666667,448.616666666667,2
"57",1255787,"2017-07-30",126.505555555556,6.38333333333333,4
"58",1255787,"2017-07-31",38.0366666666667,10.95,6
"59",1255787,"2017-08-01",72.3424242424242,20.8666666666667,12
"60",1255787,"2017-08-02",127.013333333333,34.2166666666667,6
"61",1255787,"2017-08-03",48.9944444444444,11.4,7
"62",1255787,"2017-08-04",88.3547619047619,83.1833333333333,8
"63",1255787,"2017-08-05",188.775,188.775,3
"64",1255787,"2017-08-06",55.6484848484848,29.8333333333333,12
"65",1255787,"2017-08-07",46.3333333333333,30.3916666666667,9
"66",1255787,"2017-08-08",51.8907407407407,47.7,10
"67",1255787,"2017-08-09",82.8380952380952,11.1166666666667,8
"68",1255787,"2017-08-10",72.2104166666667,39.9333333333333,9
"69",1255787,"2017-08-11",45.3588888888889,15.8,16
"70",1255787,"2017-08-12",50.5547619047619,45.8833333333333,8
"71",1255787,"2017-08-13",106.047619047619,42.5666666666667,8
"72",1255787,"2017-08-14",19.9266666666667,7.83333333333333,11
"73",1255787,"2017-08-15",101.273333333333,98.7166666666667,6
"74",1255787,"2017-08-16",NA,NA,1
"75",1255788,"2017-06-01",6.70487329434698,1.83333333333333,172
"76",1255788,"2017-06-02",8.37474747474747,3.75,133
"77",1255788,"2017-06-03",8.57039007092198,5.88333333333333,95
"78",1255788,"2017-06-04",12.2992337164751,4.63333333333333,88
"79",1255788,"2017-06-05",7.06033950617284,3.98333333333333,109
"80",1255788,"2017-06-06",13.4764227642276,5.875,83
"81",1255788,"2017-06-07",12.5452107279693,4.11666666666667,88
"82",1255788,"2017-06-08",7.03698830409357,3.60833333333333,115
"83",1255788,"2017-06-09",10.9322368421053,5.11666666666667,77
"84",1255788,"2017-06-10",10.887106918239,4.16666666666667,107
"85",1255788,"2017-06-11",4.30325365205843,2.26666666666667,252
"86",1255788,"2017-06-12",7.22307692307692,4.26666666666667,105
"87",1255788,"2017-06-13",7.79391025641026,4.19166666666667,105
"88",1255788,"2017-06-14",21.3411949685535,8.85,54
"89",1255788,"2017-06-15",8.85,4.15833333333333,151
"90",1255788,"2017-06-16",11.1646666666667,4.975,101
"91",1255788,"2017-06-17",11.2517156862745,4.14166666666667,69
"92",1255788,"2017-06-18",13.9636612021858,6.53333333333333,62
"93",1255788,"2017-06-19",20.4954166666667,13.2416666666667,41
"94",1255788,"2017-06-20",15.0993197278912,7.75,50
"95",1255788,"2017-06-21",14.0112068965517,8.06666666666667,59
"96",1255788,"2017-06-22",13.5028301886792,7.16666666666667,54
"97",1255788,"2017-06-23",11.0941025641026,5.78333333333333,66
"98",1255788,"2017-06-24",9.10428571428571,5,71
"99",1255788,"2017-06-25",11.9283854166667,6.59166666666667,65
"100",1255788,"2017-06-26",11.180790960452,3.78333333333333,60
"101",1255788,"2017-06-27",13.0427083333333,9.23333333333333,49
"102",1255788,"2017-06-28",18.4583333333333,7.875,37
"103",1255788,"2017-06-29",14.4496376811594,7.975,47
"104",1255788,"2017-06-30",20.9868055555556,14.4916666666667,25
"105",1255788,"2017-07-01",17.5557471264368,9.41666666666667,30
"106",1255788,"2017-07-02",20.585119047619,9.09166666666667,29
"107",1255788,"2017-07-03",22.497619047619,16.3333333333333,36
"108",1255788,"2017-07-04",20.8707207207207,13.8166666666667,38
"109",1255788,"2017-07-05",68.8033333333333,27.075,11
"110",1255788,"2017-07-06",39.8416666666667,20.9,19
"111",1255788,"2017-07-07",35.9824561403509,20.0833333333333,20
"112",1255788,"2017-07-11",45.9619047619048,24.6666666666667,15
"113",1255788,"2017-07-12",77.4116666666667,70.925,11
"114",1255788,"2017-07-13",37.6531746031746,25.3333333333333,22
"115",1255788,"2017-07-14",41.8888888888889,31.9166666666667,16
"116",1255788,"2017-07-15",37.7141666666667,37.0583333333333,21
"117",1255788,"2017-07-16",55.4035714285714,34.8833333333333,15
"118",1255788,"2017-07-17",65.2633333333333,42.2833333333333,6
"119",1255788,"2017-07-18",77.2,77.2,2
"120",1255788,"2017-07-19",74.9277777777778,64.2083333333333,7
"121",1255788,"2017-07-20",95.6041666666667,50.4083333333333,5
"122",1255788,"2017-07-21",49.6166666666667,38.3166666666667,7
"123",1255788,"2017-07-22",103.533333333333,123.016666666667,6
"124",1255788,"2017-07-23",103.45,147.6,6
"125",1255788,"2017-07-24",67.3880952380952,71.5833333333333,8
"126",1255788,"2017-07-27",192.2,192.2,3
"127",1255788,"2017-07-28",164.0875,74.5666666666667,5
"128",1255788,"2017-07-30",271.75,271.75,2
"129",1255788,"2017-08-02",200.127777777778,146.066666666667,4
"130",1255788,"2017-08-03",511.216666666667,511.216666666667,2
"131",1255788,"2017-08-06",85.8,85.8,2
"132",1255788,"2017-08-07",120.916666666667,120.916666666667,2
"133",1255788,"2017-08-08",NA,NA,1
"134",1255788,"2017-08-09",NA,NA,1
"135",1255788,"2017-08-12",NA,NA,1
"136",1255788,"2017-08-13",NA,NA,1
"137",1255788,"2017-08-14",160.5,160.5,3
"138",1255788,"2017-08-15",NA,NA,1
"139",1255788,"2017-08-17",NA,NA,1
"140",1255788,"2017-08-18",NA,NA,1
"141",1255788,"2017-08-19",43.0333333333333,43.0333333333333,2
"142",1255788,"2017-08-20",60.95,60.95,2
"143",1255788,"2017-08-21",NA,NA,1
"144",1255788,"2017-08-24",142.616666666667,142.616666666667,2
"145",1255788,"2017-08-26",NA,NA,1
"146",1255788,"2017-08-27",237.05,237.05,2
"147",1255788,"2017-08-30",207.758333333333,207.758333333333,3
"148",1255789,"2017-06-01",2.98676368676369,1.56666666666667,482
"149",1255789,"2017-06-02",3.61683848797251,1.65,389
"150",1255789,"2017-06-03",2.49731934731935,1.48333333333333,573
"151",1255789,"2017-06-04",2.82146666666667,1.575,501
"152",1255789,"2017-06-05",2.47850953206239,1.46666666666667,578
"153",1255789,"2017-06-06",2.70200501253133,1.76666666666667,533
"154",1255789,"2017-06-07",2.99461538461538,1.53333333333333,456
"155",1255789,"2017-06-08",2.98253787878788,1.58333333333333,441
"156",1255789,"2017-06-09",2.69117838541667,1.51666666666667,513
"157",1255789,"2017-06-10",2.41783950617284,1.4,541
"158",1255789,"2017-06-11",2.21179804224626,1.35,648
"159",1255789,"2017-06-12",2.07074554294976,1.35,618
"160",1255789,"2017-06-13",1.96181015452539,1.38333333333333,454
"161",1255789,"2017-06-14",3.2202614379085,1.46666666666667,358
"162",1255789,"2017-06-15",1.97099056603774,1.45,425
"163",1255789,"2017-06-16",2.82347359735974,1.54166666666667,405
"164",1255789,"2017-06-17",3.45642730496454,1.60833333333333,377
"165",1255789,"2017-06-18",3.65382585751979,1.96666666666667,380
"166",1255789,"2017-06-19",3.8047123015873,2.175,337
"167",1255789,"2017-06-20",3.68957055214724,2.24166666666667,327
"168",1255789,"2017-06-21",4.30117565698479,2.33333333333333,242
"169",1255789,"2017-06-22",4.37087980173482,2.58333333333333,270
"170",1255789,"2017-06-23",6.00931586608442,2.71666666666667,230
"171",1255789,"2017-06-24",4.13603603603604,2.56666666666667,260
"172",1255789,"2017-06-25",3.64192139737991,2.16666666666667,230
"173",1255789,"2017-06-26",3.30717054263566,1.99166666666667,345
"174",1255789,"2017-06-27",4.74745293466224,2.36666666666667,302
"175",1255789,"2017-06-28",7.45601092896175,2.93333333333333,184
"176",1255789,"2017-06-29",5.8085910652921,3.24166666666667,195
"177",1255789,"2017-06-30",7.16711111111111,4.175,151
"178",1255789,"2017-07-01",3.22803867403315,1.85,363
"179",1255789,"2017-07-02",3.21920187793427,1.55,356
"180",1255789,"2017-07-03",3.21419234360411,1.93333333333333,358
"181",1255789,"2017-07-04",4.59039087947883,2.11666666666667,308
"182",1255789,"2017-07-05",10.0267973856209,5.65833333333333,103
"183",1255789,"2017-07-06",7.52166666666667,3.98333333333333,111
"184",1255789,"2017-07-07",5.65619369369369,3.38333333333333,149
"185",1255789,"2017-07-11",8.28872053872054,3.56666666666667,100
"186",1255789,"2017-07-12",11.0316479400749,5.76666666666667,90
"187",1255789,"2017-07-13",9.27403100775194,3.86666666666667,130
"188",1255789,"2017-07-14",9.90535168195719,4.68333333333333,110
"189",1255789,"2017-07-15",8.77724014336918,4.68333333333333,94
"190",1255789,"2017-07-16",8.5979797979798,4.59166666666667,133
"191",1255789,"2017-07-17",21.8647058823529,9,52
"192",1255789,"2017-07-18",17.83515625,10.3583333333333,65
"193",1255789,"2017-07-19",17.684388185654,9.15,80
"194",1255789,"2017-07-20",14.2220085470085,5.375,79
"195",1255789,"2017-07-21",11.4671361502347,7.95,72
"196",1255789,"2017-07-22",14.8623456790123,7.475,55
"197",1255789,"2017-07-23",7.34587020648968,5.78333333333333,114
"198",1255789,"2017-07-24",12.3281746031746,4.5,85
"199",1255789,"2017-07-25",66.6651515151515,58.8666666666667,12
"200",1255789,"2017-07-26",49.1660493827161,26.9666666666667,28
"201",1255789,"2017-07-27",51.122,19.2833333333333,26
"202",1255789,"2017-07-28",36.7152777777778,23.0166666666667,25
"203",1255789,"2017-07-29",51.0972222222222,40.6666666666667,25
"204",1255789,"2017-07-31",23.6166666666667,23.6166666666667,2
"205",1255789,"2017-08-01",NA,NA,1
"206",1255789,"2017-08-02",10.4722222222222,5.76666666666667,19
"207",1255789,"2017-08-03",40.7045454545455,20.5333333333333,34
"208",1255789,"2017-08-04",48.95,11.8,8
"209",1255789,"2017-08-07",NA,NA,1
"210",1255789,"2017-08-16",32.8,32.8,2
"211",1255791,"2017-06-01",7.19305555555556,1.54166666666667,157
"212",1255791,"2017-06-02",4.01689814814815,1.43333333333333,217
"213",1255791,"2017-06-03",5.13813725490196,1.51666666666667,171
"214",1255791,"2017-06-04",3.8024531024531,1.36666666666667,232
"215",1255791,"2017-06-05",3.04479166666667,1.28333333333333,289
"216",1255791,"2017-06-06",3.96726403823178,1.41666666666667,280
"217",1255791,"2017-06-07",2.56080305927342,1.35,524
"218",1255791,"2017-06-08",2.49071218795888,1.28333333333333,455
"219",1255791,"2017-06-09",2.53409846972721,1.35,502
"220",1255791,"2017-06-10",2.16643426294821,1.25,503
"221",1255791,"2017-06-11",1.58761384335155,1.13333333333333,550
"222",1255791,"2017-06-12",1.63370786516854,1.21666666666667,535
"223",1255791,"2017-06-13",2.50317829457364,1.35,431
"224",1255791,"2017-06-14",3.21440781440781,1.31666666666667,274
"225",1255791,"2017-06-15",1.78975409836066,1.21666666666667,489
"226",1255791,"2017-06-16",3.30553435114504,1.38333333333333,263
"227",1255791,"2017-06-17",2.06161971830986,1.30833333333333,427
"228",1255791,"2017-06-18",2.38352803738318,1.26666666666667,429
"229",1255791,"2017-06-19",2.80587918015102,1.4,310
"230",1255791,"2017-06-20",3.2679012345679,1.35,271
"231",1255791,"2017-06-21",3.33255395683453,1.23333333333333,279
"232",1255791,"2017-06-22",2.21827557755776,1.23333333333333,405
"233",1255791,"2017-06-23",2.7005658436214,1.28333333333333,325
"234",1255791,"2017-06-24",10.0340909090909,2.025,89
"235",1255791,"2017-06-25",9.24600550964187,1.9,122
"236",1255791,"2017-06-26",7.28884297520661,1.53333333333333,122
"237",1255791,"2017-06-27",6.01155913978495,1.375,187
"238",1255791,"2017-06-28",9.63092948717949,2.34166666666667,105
"239",1255791,"2017-06-29",6.73638676844784,1.43333333333333,132
"240",1255791,"2017-06-30",5.86465324384787,1.4,150
"241",1255791,"2017-07-01",5.26085753803596,1.71666666666667,242
"242",1255791,"2017-07-02",5.6459649122807,1.40833333333333,191
"243",1255791,"2017-07-03",3.28539325842697,1.45,268
"244",1255791,"2017-07-04",3.09005952380952,1.45,281
"245",1255791,"2017-07-05",2.52095375722543,1.43333333333333,347
"246",1255791,"2017-07-06",2.70316840277778,1.45,385
"247",1255791,"2017-07-07",2.08249400479616,1.41666666666667,418
"248",1255791,"2017-07-11",1.99555297757154,1.31666666666667,432
"249",1255791,"2017-07-12",2.65864978902954,1.36666666666667,317
"250",1255791,"2017-07-13",2.3084229390681,1.43333333333333,373
"251",1255791,"2017-07-14",2.88616838487973,1.45,389
"252",1255791,"2017-07-15",2.36060197663971,1.41666666666667,372
"253",1255791,"2017-07-16",2.46736111111111,1.46666666666667,337
"254",1255791,"2017-07-17",2.22204995693368,1.35,388
"255",1255791,"2017-07-18",2.96875725900116,1.56666666666667,288
"256",1255791,"2017-07-19",2.46470856102004,1.45,367
"257",1255791,"2017-07-20",3.08524444444444,1.53333333333333,376
"258",1255791,"2017-07-21",3.10183574879227,1.5,346
"259",1255791,"2017-07-22",2.90033444816054,1.66666666666667,300
"260",1255791,"2017-07-23",2.79476495726496,1.53333333333333,313
"261",1255791,"2017-07-24",3.11384803921569,2.1,273
"262",1255791,"2017-07-25",2.98193473193473,1.59166666666667,287
"263",1255791,"2017-07-26",3.34199475065617,1.85,255
"264",1255791,"2017-07-27",2.22025974025974,1.46666666666667,386
"265",1255791,"2017-07-28",2.99390804597701,1.66666666666667,291
"266",1255791,"2017-07-29",3.34296875,1.925,257
"267",1255791,"2017-07-30",2.57210365853659,1.5,329
"268",1255791,"2017-07-31",2.87823741007194,1.44166666666667,279
"269",1255791,"2017-08-01",3.57962962962963,2.04166666666667,217
"270",1255791,"2017-08-02",11.6446009389671,8.76666666666667,72
"271",1255791,"2017-08-03",9.71395833333333,5.89166666666667,81
"272",1255791,"2017-08-04",12.2968137254902,9.79166666666667,69
"273",1255791,"2017-08-05",11.8835820895522,8.3,68
"274",1255791,"2017-08-06",12.4007936507937,9.86666666666667,64
"275",1255791,"2017-08-07",13.3322033898305,8.8,60
"276",1255791,"2017-08-08",12.4255208333333,5.90833333333333,65
"277",1255791,"2017-08-09",15.5894230769231,9.55833333333333,53
"278",1255791,"2017-08-10",11.7625,5.85,69
"279",1255791,"2017-08-11",14.9961538461538,9.80833333333333,53
"280",1255791,"2017-08-12",13.1364406779661,5.93333333333333,60
"281",1255791,"2017-08-13",13.3827683615819,8.7,60
"282",1255791,"2017-08-14",20.6149572649573,10.3333333333333,40
"283",1255791,"2017-08-15",12.8883333333333,9.80833333333333,61
"284",1255791,"2017-08-16",14.9442307692308,8.61666666666667,53
"285",1255791,"2017-08-17",12.7272222222222,5.825,61
"286",1255791,"2017-08-18",34.5695402298851,14.6,30
"287",1255791,"2017-08-19",11.6271144278607,5.88333333333333,68
"288",1255791,"2017-08-20",16.478231292517,9.9,50
"289",1255791,"2017-08-21",18.1146825396825,9.875,43
"290",1255791,"2017-08-22",12.9796610169492,9.56666666666667,60
"291",1255791,"2017-08-23",15.0274509803922,8.53333333333333,52
"292",1255791,"2017-08-24",18.780487804878,11.05,42
"293",1255791,"2017-08-25",17.6635658914729,8.7,44
"294",1255791,"2017-08-26",28.15,10.3833333333333,33
"295",1255791,"2017-08-27",20.2986842105263,10.7833333333333,39
"296",1255791,"2017-08-28",26.3355555555556,12.0666666666667,31
"297",1255791,"2017-08-29",13.783630952381,5.93333333333333,57
"298",1255791,"2017-08-30",15.909219858156,8.83333333333333,48
"299",1255791,"2017-08-31",17.1061594202899,5.725,47
"300",1255800,"2017-06-01",56.4255555555556,14.6666666666667,16
"301",1255800,"2017-06-02",40.1558333333333,12.9333333333333,21
"302",1255800,"2017-06-03",45.0592592592593,10.175,19
"303",1255800,"2017-06-04",28.8281609195402,12.0833333333333,30
"304",1255800,"2017-06-05",28.0873563218391,10.7833333333333,30
"305",1255800,"2017-06-06",16.2488095238095,10.6083333333333,43
"306",1255800,"2017-06-07",20.7779166666667,10.8083333333333,41
"307",1255800,"2017-06-08",24.470202020202,10.4,34
"308",1255800,"2017-06-09",38.9321428571429,14.075,29
"309",1255800,"2017-06-10",29.4641666666667,13.1666666666667,21
"310",1255800,"2017-06-11",35.5275362318841,11.9333333333333,24
"311",1255800,"2017-06-12",24.4333333333333,5.85,30
"312",1255800,"2017-06-13",27.7961538461538,12.7333333333333,27
"313",1255800,"2017-06-14",41.7533333333333,17.875,21
"314",1255800,"2017-06-15",44.3277777777778,14.1333333333333,19
"315",1255800,"2017-06-16",33.9736111111111,16.775,25
"316",1255800,"2017-06-17",25.6,8.2,32
"317",1255800,"2017-06-18",34.6555555555556,13.7666666666667,25
"318",1255800,"2017-06-19",25.7016129032258,15.3333333333333,32
"319",1255800,"2017-06-20",26.4111111111111,13.7583333333333,31
"320",1255800,"2017-06-21",20.5555555555556,10.25,40
"321",1255800,"2017-06-22",24.7024509803922,13.375,35
"322",1255800,"2017-06-23",28.5233333333333,21.15,26
"323",1255800,"2017-06-24",21.4409090909091,9.55,34
"324",1255800,"2017-06-25",30.2768115942029,28.5666666666667,24
"325",1255800,"2017-06-26",20.009756097561,6.05,42
"326",1255800,"2017-06-27",30.1446666666667,11.3333333333333,26
"327",1255800,"2017-06-28",22.9995098039216,9.35,35
"328",1255800,"2017-06-29",41.2,15.2666666666667,20
"329",1255800,"2017-06-30",42.7456140350877,12,20
"330",1255800,"2017-07-01",28.377380952381,5.68333333333333,29
"331",1255800,"2017-07-02",51.0597222222222,32.0083333333333,13
"332",1255800,"2017-07-03",46.7764705882353,21.6833333333333,18
"333",1255800,"2017-07-04",31.7057692307692,15.1333333333333,27
"334",1255800,"2017-07-05",26.3614583333333,14.7416666666667,33
"335",1255800,"2017-07-06",19.5662601626016,9.31666666666667,42
"336",1255800,"2017-07-07",15.1956989247312,13.3833333333333,32
"337",1255800,"2017-07-11",37.0530303030303,12.6583333333333,23
"338",1255800,"2017-07-12",42.8788888888889,24.5833333333333,16
"339",1255800,"2017-07-13",18.8179166666667,5.39166666666667,41
"340",1255800,"2017-07-14",23.670202020202,11.9166666666667,34
"341",1255800,"2017-07-15",14.3166666666667,4.7,43
"342",1255800,"2017-07-16",19.4662698412698,8.96666666666667,43
"343",1255800,"2017-07-17",21.7378787878788,5.65,34
"344",1255800,"2017-07-18",44.6990196078431,11.7333333333333,18
"345",1255800,"2017-07-19",26.0961111111111,8.56666666666667,31
"346",1255800,"2017-07-20",13.0320175438596,7.8,39
"347",1255800,"2017-07-21",23.3833333333333,14.2,32
"348",1255800,"2017-07-22",78.751282051282,52.2166666666667,14
"349",1255800,"2017-07-23",38.5697916666667,19.975,17
"350",1255800,"2017-07-24",36.19375,33.0333333333333,17
"351",1255800,"2017-07-25",6.21944444444444,4.21666666666667,19
"352",1255800,"2017-07-26",77.9516666666667,28.075,11
"353",1255800,"2017-07-27",35.2608695652174,5.66666666666667,24
"354",1255800,"2017-07-28",33.4666666666667,9.24166666666667,25
"355",1255800,"2017-07-29",35.5210144927536,5.6,24
"356",1255800,"2017-07-30",25.2308641975309,5.95,28
"357",1255800,"2017-07-31",34.1934782608696,7.9,24
"358",1255800,"2017-08-01",22.5934523809524,4.89166666666667,29
"359",1255800,"2017-08-02",17.9401515151515,7.25833333333333,45
"360",1255800,"2017-08-03",14.575,5.69166666666667,47
"361",1255800,"2017-08-04",18.7193693693694,4.46666666666667,38
"362",1255800,"2017-08-05",27.318253968254,5.98333333333333,22
"363",1255800,"2017-08-06",13.2765957446809,4.75,48
"364",1255800,"2017-08-07",72.5416666666667,50.6666666666667,11
"365",1255800,"2017-08-08",28.8482142857143,4.825,29
"366",1255800,"2017-08-09",57.4071428571429,9.575,15
"367",1255800,"2017-08-10",35.2055555555556,12.2333333333333,19
"368",1255800,"2017-08-11",22.7255208333333,5.01666666666667,33
"369",1255800,"2017-08-12",35.3466666666667,10.7833333333333,21
"370",1255800,"2017-08-13",21.4152380952381,9.03333333333333,36
"371",1255800,"2017-08-14",22.5228571428571,5.56666666666667,36
"372",1255800,"2017-08-15",29.2487654320988,12.7833333333333,28
"373",1255800,"2017-08-16",23.6328282828283,5.33333333333333,34
"374",1255800,"2017-08-17",15.81875,5.49166666666667,49
"375",1255800,"2017-08-18",25.0655913978495,9.1,32
"376",1255800,"2017-08-19",20.2984848484849,5.65,34
"377",1255800,"2017-08-20",17.4931623931624,10.1,40
"378",1255800,"2017-08-21",27.4694444444444,9.81666666666667,25
"379",1255800,"2017-08-22",39.3666666666667,38.5583333333333,19
"380",1255800,"2017-08-23",23.3575757575758,4.73333333333333,34
"381",1255800,"2017-08-24",17.2781746031746,5.55833333333333,43
"382",1255800,"2017-08-25",24.9714285714286,4.70833333333333,29
"383",1255800,"2017-08-26",28.2339506172839,5.71666666666667,28
"384",1255800,"2017-08-27",26.8281609195402,5.75,30
"385",1255800,"2017-08-28",18.2525641025641,4.65,40
"386",1255800,"2017-08-29",59.6013888888889,50.05,13
"387",1255800,"2017-08-30",20.3301801801802,4.68333333333333,38
"388",1255800,"2017-08-31",13.6268115942029,5.69166666666667,47
"389",1255801,"2017-06-01",32.1911458333333,15.4416666666667,33
"390",1255801,"2017-06-02",37.5091954022989,22.1833333333333,30
"391",1255801,"2017-06-03",24.143115942029,15.6166666666667,47
"392",1255801,"2017-06-04",61.3855072463768,34.3833333333333,24
"393",1255801,"2017-06-05",31.1114035087719,20.3416666666667,39
"394",1255801,"2017-06-06",35.8695833333333,27.6833333333333,41
"395",1255801,"2017-06-07",35.6554054054054,26.3333333333333,38
"396",1255801,"2017-06-08",34.67125,19.35,41
"397",1255801,"2017-06-09",30.382962962963,19.4833333333333,46
"398",1255801,"2017-06-10",32.8124031007752,18.0666666666667,44
"399",1255801,"2017-06-11",30.4764492753623,15.075,47
"400",1255801,"2017-06-12",26.8483974358974,14.125,53
"401",1255801,"2017-06-13",28.3162962962963,15.9833333333333,46
"402",1255801,"2017-06-14",31.1419047619048,14.5333333333333,36
"403",1255801,"2017-06-15",21.5085585585586,16.1666666666667,38
"404",1255801,"2017-06-16",25.5677419354839,14.0833333333333,32
"405",1255801,"2017-06-17",32.7314102564103,11.2333333333333,27
"406",1255801,"2017-06-18",34.1873333333333,15.1833333333333,26
"407",1255801,"2017-06-19",25.6792929292929,10.05,34
"408",1255801,"2017-06-20",29.4166666666667,18.2666666666667,31
"409",1255801,"2017-06-21",25.3504901960784,12.0666666666667,35
"410",1255801,"2017-06-22",31.1815476190476,18.8166666666667,29
"411",1255801,"2017-06-23",30.4722222222222,15.5166666666667,28
"412",1255801,"2017-06-24",26.1283783783784,11.8,38
"413",1255801,"2017-06-25",25.374358974359,19.0083333333333,27
"414",1255801,"2017-06-26",32.8747126436782,17.9833333333333,30
"415",1255801,"2017-06-27",25.8820512820513,10.7,40
"416",1255801,"2017-06-28",28.0862068965517,11.4333333333333,30
"417",1255801,"2017-06-29",22.437962962963,11.925,37
"418",1255801,"2017-06-30",28.8478494623656,11.6833333333333,32
"419",1255801,"2017-07-01",24.0884259259259,12.2333333333333,37
"420",1255801,"2017-07-02",30.9617283950617,16.9166666666667,28
"421",1255801,"2017-07-03",32.3265625,10.175,33
"422",1255801,"2017-07-04",21.5316239316239,10.9833333333333,40
"423",1255801,"2017-07-05",26.8459770114943,10.5333333333333,30
"424",1255801,"2017-07-06",36.3716049382716,15.5666666666667,28
"425",1255801,"2017-07-07",36.7614285714286,9.2,36
"426",1255801,"2017-07-11",23.6738095238095,13.35,36
"427",1255801,"2017-07-12",25.1661458333333,7.98333333333333,33
"428",1255801,"2017-07-13",18.1166666666667,8.76666666666667,48
"429",1255801,"2017-07-14",22.6986111111111,9.575,37
"430",1255801,"2017-07-15",25.0557291666667,11.3333333333333,33
"431",1255801,"2017-07-16",25.6052083333333,12.6166666666667,33
"432",1255801,"2017-07-17",38.3547619047619,10.35,22
"433",1255801,"2017-07-18",35.2076388888889,10.1416666666667,25
"434",1255801,"2017-07-19",33.8083333333333,10.5,25
"435",1255801,"2017-07-20",37.3371212121212,16.1166666666667,23
"436",1255801,"2017-07-21",22.4851851851852,13.1,37
"437",1255801,"2017-07-22",31.3844086021505,15.7,32
"438",1255801,"2017-07-23",30.829012345679,15.6666666666667,28
"439",1255801,"2017-07-24",37.0589285714286,12.775,29
"440",1255801,"2017-07-25",36.4449275362319,29.8833333333333,24
"441",1255801,"2017-07-26",30.2283783783784,12.2333333333333,38
"442",1255801,"2017-07-27",30.5761904761905,12.5666666666667,36
"443",1255801,"2017-07-28",29.2137931034483,8.98333333333333,30
"444",1255801,"2017-07-29",31.6959770114943,10.6333333333333,30
"445",1255801,"2017-07-30",40.1092592592593,10.325,19
"446",1255801,"2017-07-31",29.5166666666667,10.9166666666667,38
"447",1255801,"2017-08-01",17.3329787234043,8.48333333333333,48
"448",1255801,"2017-08-02",42.451282051282,18.4583333333333,27
"449",1255801,"2017-08-03",27.9988505747126,11,30
"450",1255801,"2017-08-04",35.6117283950617,12.9166666666667,28
"451",1255801,"2017-08-05",30.3923076923077,11.575,27
"452",1255801,"2017-08-06",27.7465517241379,10.4,30
"453",1255801,"2017-08-07",18.280303030303,5.775,45
"454",1255801,"2017-08-08",21.997037037037,6.08333333333333,46
"455",1255801,"2017-08-09",38.9966666666667,10.9833333333333,26
"456",1255801,"2017-08-10",21.3671296296296,5.34166666666667,37
"457",1255801,"2017-08-11",26.8627777777778,10.3333333333333,31
"458",1255801,"2017-08-12",30.5024509803922,6.025,35
"459",1255801,"2017-08-13",14.1005847953216,5.83333333333333,58
"460",1255801,"2017-08-14",29.7049382716049,5.9,28
"461",1255801,"2017-08-15",26.3838888888889,6.00833333333333,31
"462",1255801,"2017-08-16",20.7638095238095,11.8166666666667,36
"463",1255801,"2017-08-17",23.2460317460317,9.05,43
"464",1255801,"2017-08-18",23.390404040404,9.91666666666667,34
"465",1255801,"2017-08-19",21.275,10.7916666666667,37
"466",1255801,"2017-08-20",25.921568627451,5.675,35
"467",1255801,"2017-08-21",28.7954022988506,14.2833333333333,30
"468",1255801,"2017-08-22",23.7955882352941,9.925,35
"469",1255801,"2017-08-23",20.9728070175439,9.43333333333333,39
"470",1255801,"2017-08-24",25.3137254901961,9.825,35
"471",1255801,"2017-08-25",26.1538888888889,9.70833333333333,31
"472",1255801,"2017-08-26",33.1777777777778,10.9083333333333,25
"473",1255801,"2017-08-27",23.6926470588235,9.30833333333333,35
"474",1255801,"2017-08-28",38.2738095238095,15.7833333333333,22
"475",1255801,"2017-08-29",18.0083333333333,7.475,45
"476",1255801,"2017-08-30",22.0980952380952,11.1166666666667,36
"477",1255801,"2017-08-31",23.3151515151515,8.15,34
"478",1255803,"2017-06-01",10.0950617283951,2.11666666666667,82
"479",1255803,"2017-06-02",9.40757575757576,2.55833333333333,89
"480",1255803,"2017-06-03",6.44435897435897,1.43333333333333,131
"481",1255803,"2017-06-04",5.87430555555556,1.5,145
"482",1255803,"2017-06-05",6.87344173441734,2.31666666666667,124
"483",1255803,"2017-06-06",6.65726495726496,2.51666666666667,118
"484",1255803,"2017-06-07",7.91897689768977,1.46666666666667,102
"485",1255803,"2017-06-08",5.66824817518248,1.43333333333333,138
"486",1255803,"2017-06-09",6.29312977099237,2.23333333333333,132
"487",1255803,"2017-06-10",6.64146341463415,1.48333333333333,124
"488",1255803,"2017-06-11",6.36212121212121,1.275,133
"489",1255803,"2017-06-12",6.21041666666667,1.39166666666667,137
"490",1255803,"2017-06-13",6.82113821138211,1.6,124
"491",1255803,"2017-06-14",6.38743781094527,1.89166666666667,135
"492",1255803,"2017-06-15",7.63893129770992,1.71666666666667,132
"493",1255803,"2017-06-16",9.00143369175627,1.88333333333333,94
"494",1255803,"2017-06-17",6.78691460055096,1.58333333333333,122
"495",1255803,"2017-06-18",9.49812734082397,2.35,90
"496",1255803,"2017-06-19",5.63557046979866,1.45,150
"497",1255803,"2017-06-20",6.62626666666667,1.56666666666667,126
"498",1255803,"2017-06-21",7.72675840978593,1.51666666666667,110
"499",1255803,"2017-06-22",8.75456140350877,1.68333333333333,96
"500",1255803,"2017-06-23",7.83807339449541,1.93333333333333,110
"501",1255803,"2017-06-24",7.80378787878788,1.5,111
"502",1255803,"2017-06-25",7.77641509433962,1.36666666666667,107
"503",1255803,"2017-06-26",9.17393939393939,2.43333333333333,111
"504",1255803,"2017-06-27",9.76877394636015,1.88333333333333,88
"505",1255803,"2017-06-28",8.23621794871795,2.2,105
"506",1255803,"2017-06-29",7.46996996996997,1.56666666666667,112
"507",1255803,"2017-06-30",9.61130268199234,2.46666666666667,88
"508",1255803,"2017-07-01",9.41291666666667,2.35,121
"509",1255803,"2017-07-02",6.60163934426229,3.13333333333333,123
"510",1255803,"2017-07-03",7.22891737891738,2.35,118
"511",1255803,"2017-07-04",5.84375,1.89166666666667,145
"512",1255803,"2017-07-05",6.7168,1.76666666666667,126
"513",1255803,"2017-07-06",9.76744186046512,2.28333333333333,87
"514",1255803,"2017-07-07",9.75506535947712,2.23333333333333,103
"515",1255803,"2017-07-11",10.4283950617284,2.48333333333333,82
"516",1255803,"2017-07-12",9.33651685393258,1.46666666666667,90
"517",1255803,"2017-07-13",7.13159420289855,1.33333333333333,116
"518",1255803,"2017-07-14",9.12274011299435,1.74166666666667,119
"519",1255803,"2017-07-15",6.39859437751004,1.5,167
"520",1255803,"2017-07-16",8.97369791666667,1.65,129
"521",1255803,"2017-07-17",7.6569696969697,1.20833333333333,111
"522",1255803,"2017-07-18",8.35442477876106,1.45,114
"523",1255803,"2017-07-19",7.8625,1.40833333333333,105
"524",1255803,"2017-07-20",7.39239766081871,1.40833333333333,115
"525",1255803,"2017-07-21",6.88569444444444,1.375,121
"526",1255803,"2017-07-22",8.53501683501683,1.35,100
"527",1255803,"2017-07-23",9.71372549019608,1.71666666666667,86
"528",1255803,"2017-07-24",13.9129943502825,2.36666666666667,60
"529",1255803,"2017-07-25",10.58875,1.65833333333333,81
"530",1255803,"2017-07-26",8.01089743589744,2.76666666666667,105
"531",1255803,"2017-07-27",7.73734567901235,1.64166666666667,109
"532",1255803,"2017-07-28",8.57222222222222,1.5,97
"533",1255803,"2017-07-29",7.94460317460317,1.45,106
"534",1255803,"2017-07-30",10.1989837398374,1.51666666666667,83
"535",1255803,"2017-07-31",8.60175438596491,1.25833333333333,77
"536",1255803,"2017-08-01",28.8678571428571,6.125,29
"537",1255803,"2017-08-02",26.5577777777778,4.95833333333333,31
"538",1255803,"2017-08-03",25.9433333333333,5.15,36
"539",1255803,"2017-08-04",27.4597701149425,5.3,30
"540",1255803,"2017-08-05",15.2214285714286,4.23333333333333,36
"541",1255803,"2017-08-06",25.446875,5.29166666666667,33
"542",1255803,"2017-08-07",27.6086206896552,5.98333333333333,30
"543",1255803,"2017-08-08",24.0683760683761,4.8,40
"544",1255803,"2017-08-09",51.1427083333333,10.9166666666667,17
"545",1255803,"2017-08-10",4.69761904761905,4.81666666666667,22
"546",1255803,"2017-08-11",19.8745833333333,4.15,41
"547",1255803,"2017-08-12",22.6752380952381,4.76666666666667,36
"548",1255803,"2017-08-13",27.8785714285714,4.925,29
"549",1255803,"2017-08-14",27.9218390804598,5.15,30
"550",1255803,"2017-08-15",19.532380952381,4.4,36
"551",1255803,"2017-08-16",26.1911111111111,5.6,31
"552",1255803,"2017-08-17",16.7522222222222,4.75,46
"553",1255803,"2017-08-18",25.2255555555556,6.05833333333333,31
"554",1255803,"2017-08-19",33.1028985507246,5.38333333333333,24
"555",1255803,"2017-08-20",24.8317708333333,5.475,33
"556",1255803,"2017-08-21",34.3469696969697,5.71666666666667,23
"557",1255803,"2017-08-22",23.300505050505,4.25,34
"558",1255803,"2017-08-23",28.5296296296296,5.08333333333333,28
"559",1255803,"2017-08-24",21.4291666666667,4.63333333333333,37
"560",1255803,"2017-08-25",30.9765432098765,5.81666666666667,28
"561",1255803,"2017-08-26",708.45,708.45,2
"562",1255803,"2017-08-27",20.3737179487179,4.29166666666667,27
"563",1255803,"2017-08-28",26.9345238095238,4.26666666666667,29
"564",1255803,"2017-08-29",11.5291666666667,4.29166666666667,25
"565",1255803,"2017-08-30",33.726282051282,4.7,27
"566",1255803,"2017-08-31",24.7704301075269,5.38333333333333,32
"567",1255805,"2017-06-01",2.79169398907104,1.43333333333333,306
"568",1255805,"2017-06-02",3.31758658008658,1.6,309
"569",1255805,"2017-06-03",2.797799779978,1.56666666666667,304
"570",1255805,"2017-06-04",2.65279931093885,1.43333333333333,388
"571",1255805,"2017-06-05",2.60656702898551,1.45,369
"572",1255805,"2017-06-06",2.48003703703704,1.35,451
"573",1255805,"2017-06-07",1.85551924473493,1.35,460
"574",1255805,"2017-06-08",1.90517870167761,1.38333333333333,458
"575",1255805,"2017-06-09",2.00858468677494,1.36666666666667,432
"576",1255805,"2017-06-10",2.06389558232932,1.35,416
"577",1255805,"2017-06-11",1.86566738044254,1.28333333333333,468
"578",1255805,"2017-06-12",2.1356135986733,1.31666666666667,403
"579",1255805,"2017-06-13",1.98836765827613,1.41666666666667,438
"580",1255805,"2017-06-14",2.28168888888889,1.45,376
"581",1255805,"2017-06-15",2.09519230769231,1.39166666666667,417
"582",1255805,"2017-06-16",1.97191987906274,1.31666666666667,442
"583",1255805,"2017-06-17",1.99785932721713,1.31666666666667,437
"584",1255805,"2017-06-18",1.79678423236515,1.31666666666667,483
"585",1255805,"2017-06-19",1.84797441364606,1.33333333333333,470
"586",1255805,"2017-06-20",2.17938706968934,1.3,398
"587",1255805,"2017-06-21",2.20368020304569,1.31666666666667,395
"588",1255805,"2017-06-22",1.97938496583144,1.35,440
"589",1255805,"2017-06-23",2.1541975308642,1.33333333333333,406
"590",1255805,"2017-06-24",2.55276953511375,1.5,338
"591",1255805,"2017-06-25",2.12089430894309,1.35,411
"592",1255805,"2017-06-26",1.81107638888889,1.26666666666667,481
"593",1255805,"2017-06-27",1.92490720118782,1.35,450
"594",1255805,"2017-06-28",1.83531493276716,1.28333333333333,472
"595",1255805,"2017-06-29",2.07696314102564,1.375,417
"596",1255805,"2017-06-30",2.06294536817102,1.28333333333333,422
"597",1255805,"2017-07-01",2.46122159090909,1.45833333333333,353
"598",1255805,"2017-07-02",2.37580993520518,1.38333333333333,464
"599",1255805,"2017-07-03",1.92238307349666,1.33333333333333,450
"600",1255805,"2017-07-04",2.38685813751088,1.4,384
"601",1255805,"2017-07-05",2.48995238095238,1.5,351
"602",1255805,"2017-07-06",2.24362850971922,1.28333333333333,464
"603",1255805,"2017-07-07",2.33948087431694,1.4,367
"604",1255805,"2017-07-11",2.43034682080925,1.4,347
"605",1255805,"2017-07-12",2.51912487708948,1.45,340
"606",1255805,"2017-07-13",3.78922902494331,1.4,295
"607",1255805,"2017-07-14",1.96943802925327,1.33333333333333,434
"608",1255805,"2017-07-15",2.57325905292479,1.31666666666667,360
"609",1255805,"2017-07-16",2.32305253623188,1.35,369
"610",1255805,"2017-07-17",3.10132370637786,1.5,278
"611",1255805,"2017-07-18",2.93963344788087,1.41666666666667,292
"612",1255805,"2017-07-19",2.95842044134727,1.45,288
"613",1255805,"2017-07-20",3.46646258503401,1.51666666666667,246
"614",1255805,"2017-07-21",3.03007246376812,1.51666666666667,277
"615",1255805,"2017-07-22",2.8820819112628,1.43333333333333,294
"616",1255805,"2017-07-23",2.43418803418803,1.31666666666667,352
"617",1255805,"2017-07-24",5.07423312883436,2.41666666666667,164
"618",1255805,"2017-07-25",14.3271186440678,5.78333333333333,60
"619",1255805,"2017-07-26",11.4930555555556,8.45833333333333,73
"620",1255805,"2017-07-27",10.3561181434599,5.53333333333333,80
"621",1255805,"2017-07-28",11.8030952380952,9.1,71
"622",1255805,"2017-07-29",11.2346296296296,5.875,91
"623",1255805,"2017-07-30",6.93569444444444,5.35833333333333,121
"624",1255805,"2017-07-31",9.64607843137255,5.68333333333333,86
"625",1255805,"2017-08-01",10.4451476793249,5.56666666666667,80
"626",1255805,"2017-08-02",9.4963141025641,5.50833333333333,105
"627",1255805,"2017-08-03",7.52128851540616,5.28333333333333,120
"628",1255805,"2017-08-04",8.87598566308244,5.61666666666667,94
"629",1255805,"2017-08-05",11.7566666666667,6.00833333333333,71
"630",1255805,"2017-08-06",8.63736842105263,5.53333333333333,96
"631",1255805,"2017-08-07",8.47052631578947,5.81666666666667,96
"632",1255805,"2017-08-08",8.109,5.475,101
"633",1255805,"2017-08-09",13.2725806451613,9.54166666666667,63
"634",1255805,"2017-08-10",8.161,5.6,101
"635",1255805,"2017-08-11",9.25,5.56666666666667,88
"636",1255805,"2017-08-12",9.95802469135803,5.83333333333333,82
"637",1255805,"2017-08-13",7.18973214285714,5.31666666666667,113
"638",1255805,"2017-08-14",7.05982142857143,5.375,113
"639",1255805,"2017-08-15",11.0746031746032,5.94166666666667,85
"640",1255805,"2017-08-16",8.68533333333333,5.18333333333333,126
"641",1255805,"2017-08-17",8.24234972677596,5.13333333333333,123
"642",1255805,"2017-08-18",10.8373873873874,5.96666666666667,75
"643",1255805,"2017-08-19",10.7661290322581,5.31666666666667,94
"644",1255805,"2017-08-20",9.35674603174603,5.51666666666667,85
"645",1255805,"2017-08-21",11.2802816901408,8.5,72
"646",1255805,"2017-08-22",7.75416666666667,5.275,101
"647",1255805,"2017-08-23",8.32206790123457,5.50833333333333,109
"648",1255805,"2017-08-24",9.57905198776758,5.36666666666667,110
"649",1255805,"2017-08-25",11.6466312056738,5.35,95
"650",1255805,"2017-08-26",8.5584229390681,5.58333333333333,94
"651",1255805,"2017-08-27",7.31033950617284,5.48333333333333,109
"652",1255805,"2017-08-28",6.62861111111111,5.175,121
"653",1255805,"2017-08-29",9.45301418439716,5.63333333333333,95
"654",1255805,"2017-08-30",8.67060931899642,5.33333333333333,94
"655",1255805,"2017-08-31",11.3333333333333,5.64166666666667,95
"656",1255806,"2017-06-01",3.2539592760181,1.45,443
"657",1255806,"2017-06-02",3.3001568627451,1.73333333333333,426
"658",1255806,"2017-06-03",3.06997863247863,1.5,469
"659",1255806,"2017-06-04",3.47347020933977,1.825,415
"660",1255806,"2017-06-05",2.61715151515152,1.49166666666667,551
"661",1255806,"2017-06-06",2.22937370600414,1.38333333333333,645
"662",1255806,"2017-06-07",2.50586527293844,1.45,575
"663",1255806,"2017-06-08",2.84950495049505,1.46666666666667,506
"664",1255806,"2017-06-09",2.19704383282365,1.425,655
"665",1255806,"2017-06-10",2.49300982091277,1.38333333333333,578
"666",1255806,"2017-06-11",3.11522366522367,1.48333333333333,463
"667",1255806,"2017-06-12",2.86926147704591,1.4,502
"668",1255806,"2017-06-13",2.40253623188406,1.4,599
"669",1255806,"2017-06-14",2.74146031746032,1.33333333333333,526
"670",1255806,"2017-06-15",2.64852125693161,1.36666666666667,542
"671",1255806,"2017-06-16",2.63629426129426,1.41666666666667,547
"672",1255806,"2017-06-17",2.67526381129733,1.41666666666667,538
"673",1255806,"2017-06-18",2.78125810635538,1.34166666666667,515
"674",1255806,"2017-06-19",3.31639722863741,1.46666666666667,434
"675",1255806,"2017-06-20",2.56958333333333,1.51666666666667,561
"676",1255806,"2017-06-21",3.30783410138249,1.525,435
"677",1255806,"2017-06-22",3.27233877233877,1.46666666666667,430
"678",1255806,"2017-06-23",2.68491915422886,1.48333333333333,537
"679",1255806,"2017-06-24",3.813041556145,1.48333333333333,378
"680",1255806,"2017-06-25",3.12803195352215,1.38333333333333,460
"681",1255806,"2017-06-26",3.08494277539342,1.4,467
"682",1255806,"2017-06-27",3.36639344262295,1.4,428
"683",1255806,"2017-06-28",2.92225609756098,1.36666666666667,493
"684",1255806,"2017-06-29",3.94931318681319,1.46666666666667,365
"685",1255806,"2017-06-30",2.64803560466544,1.46666666666667,544
"686",1255806,"2017-07-01",2.44196378041879,1.41666666666667,590
"687",1255806,"2017-07-02",2.77716408268734,1.43333333333333,517
"688",1255806,"2017-07-03",2.78925566343042,1.41666666666667,516
"689",1255806,"2017-07-04",2.61925182481752,1.48333333333333,549
"690",1255806,"2017-07-05",4.07700661000944,1.5,354
"691",1255806,"2017-07-06",4.85937853107345,2.08333333333333,296
"692",1255806,"2017-07-07",4.32557755775578,1.86666666666667,304
"693",1255806,"2017-07-11",4.06940144478844,1.53333333333333,324
"694",1255806,"2017-07-12",7.59380692167577,2.26666666666667,184
"695",1255806,"2017-07-13",4.59782359679267,1.95,292
"696",1255806,"2017-07-14",3.16147902869757,1.65,454
"697",1255806,"2017-07-15",2.50551684088269,1.38333333333333,575
"698",1255806,"2017-07-16",3.32267128560431,1.56666666666667,434
"699",1255806,"2017-07-17",4.32393939393939,1.43333333333333,331
"700",1255806,"2017-07-18",4.67327044025157,2.13333333333333,266
"701",1255806,"2017-07-19",5.85755555555555,2.45,226
"702",1255806,"2017-07-20",4.46119873817035,1.73333333333333,318
"703",1255806,"2017-07-21",2.56401785714286,1.33333333333333,561
"704",1255806,"2017-07-22",2.84065040650407,1.34166666666667,493
"705",1255806,"2017-07-23",3.25390151515151,1.45,441
"706",1255806,"2017-07-24",5.17900120336943,1.36666666666667,278
"707",1255806,"2017-07-25",19.3130630630631,9.85833333333333,75
"708",1255806,"2017-07-26",17.3599593495935,8.66666666666667,83
"709",1255806,"2017-07-27",11.9930790960452,5.73333333333333,119
"710",1255806,"2017-07-28",12.4367003367003,5.53333333333333,100
"711",1255806,"2017-07-29",15.5678294573643,5.80833333333333,87
"712",1255806,"2017-07-30",20.0366120218579,5.78333333333333,62
"713",1255806,"2017-07-31",21.6985380116959,8.53333333333333,58
"714",1255806,"2017-08-01",13.590099009901,5.86666666666667,102
"715",1255806,"2017-08-02",14.3655,5.78333333333333,101
"716",1255806,"2017-08-03",14.0424836601307,8.48333333333333,103
"717",1255806,"2017-08-04",14.3964646464646,5.33333333333333,100
"718",1255806,"2017-08-05",12.5904970760234,6.24166666666667,115
"719",1255806,"2017-08-06",12.6983775811209,5.46666666666667,114
"720",1255806,"2017-08-07",18.8625,5.625,77
"721",1255806,"2017-08-08",12.9301801801802,5.15,112
"722",1255806,"2017-08-09",15.5710144927536,5.24166666666667,93
"723",1255806,"2017-08-10",14.0665032679739,5.78333333333333,103
"724",1255806,"2017-08-11",15.0255813953488,5.85,87
"725",1255806,"2017-08-12",14.2985772357724,5.45833333333333,83
"726",1255806,"2017-08-13",12.4172727272727,5.71666666666667,111
"727",1255806,"2017-08-14",13.0536858974359,5.64166666666667,105
"728",1255806,"2017-08-15",10.709328358209,5.35,135
"729",1255806,"2017-08-16",11.831129476584,4.78333333333333,122
"730",1255806,"2017-08-17",6.76179245283019,5.075,213
"731",1255806,"2017-08-18",8.22647619047619,5.28333333333333,176
"732",1255806,"2017-08-19",11.4926075268817,5.25,125
"733",1255806,"2017-08-20",15.1827004219409,5.18333333333333,80
"734",1255806,"2017-08-21",16.3852490421456,6.2,88
"735",1255806,"2017-08-22",12.2840455840456,5.21666666666667,118
"736",1255806,"2017-08-23",18.2777777777778,5.84166666666667,67
"737",1255806,"2017-08-24",19.0597777777778,5.51666666666667,76
"738",1255806,"2017-08-25",15.2108225108225,5.31666666666667,78
"739",1255806,"2017-08-26",10.3588709677419,4.8,125
"740",1255806,"2017-08-27",11.0577134986226,5.31666666666667,122
"741",1255806,"2017-08-28",8.985,4.81666666666667,161
"742",1255806,"2017-08-29",13.4031152647975,5.46666666666667,108
"743",1255806,"2017-08-30",7.63554964539007,4.85833333333333,189
"744",1255806,"2017-08-31",7.59661319073084,4.93333333333333,188
"745",1255807,"2017-06-01",5.10378250591017,2.125,283
"746",1255807,"2017-06-02",6.00858369098712,2.23333333333333,234
"747",1255807,"2017-06-03",5.43579766536965,2.31666666666667,258
"748",1255807,"2017-06-04",5.15,1.96666666666667,280
"749",1255807,"2017-06-05",5.15722819593787,1.95,280
"750",1255807,"2017-06-06",4.77616666666667,2.15,301
"751",1255807,"2017-06-07",3.83226666666667,1.48333333333333,376
"752",1255807,"2017-06-08",4.05332383665717,1.55,352
"753",1255807,"2017-06-09",3.97580794090489,1.55,362
"754",1255807,"2017-06-10",3.37018779342723,1.43333333333333,427
"755",1255807,"2017-06-11",3.46779116465863,1.36666666666667,416
"756",1255807,"2017-06-12",4.28788788788789,1.5,334
"757",1255807,"2017-06-13",3.19703703703704,1.46666666666667,451
"758",1255807,"2017-06-14",3.31647465437788,1.4,435
"759",1255807,"2017-06-15",3.61544920235097,1.5,398
"760",1255807,"2017-06-16",4.06073446327684,1.55,355
"761",1255807,"2017-06-17",7.32863475177305,2.23333333333333,189
"762",1255807,"2017-06-18",5.59271653543307,2.50833333333333,255
"763",1255807,"2017-06-19",3.57093698175788,1.48333333333333,403
"764",1255807,"2017-06-20",3.40015760441292,1.41666666666667,424
"765",1255807,"2017-06-21",3.00504523312456,1.45,480
"766",1255807,"2017-06-22",2.72594696969697,1.35,529
"767",1255807,"2017-06-23",2.98004840940526,1.36666666666667,483
"768",1255807,"2017-06-24",2.84957010582011,1.35,505
"769",1255807,"2017-06-25",3.18097345132743,1.38333333333333,453
"770",1255807,"2017-06-26",3.17740986019132,1.41666666666667,454
"771",1255807,"2017-06-27",3.3466588966589,1.65,430
"772",1255807,"2017-06-28",3.1564610866373,1.4,455
"773",1255807,"2017-06-29",3.67936913895993,1.51666666666667,392
"774",1255807,"2017-06-30",3.73704188481675,1.51666666666667,383
"775",1255807,"2017-07-01",3.9683241252302,1.35833333333333,363
"776",1255807,"2017-07-02",3.1208604483008,1.4,462
"777",1255807,"2017-07-03",3.32534722222222,1.39166666666667,433
"778",1255807,"2017-07-04",2.83267716535433,1.26666666666667,509
"779",1255807,"2017-07-05",4.11311239193084,1.43333333333333,348
"780",1255807,"2017-07-06",4.17764350453172,1.5,332
"781",1255807,"2017-07-07",2.8703,1.36666666666667,501
"782",1255807,"2017-07-11",6.01680555555556,1.70833333333333,121
"783",1255807,"2017-07-12",11.0801801801802,2.14166666666667,75
"784",1255807,"2017-07-13",11.8414215686275,3.2,69
"785",1255807,"2017-07-14",8.80842105263158,2.05,96
"786",1255807,"2017-07-15",11.0990867579909,3.31666666666667,74
"787",1255807,"2017-07-16",17.0802083333333,9.74166666666667,49
"788",1255807,"2017-07-17",13.2756830601093,1.6,62
"789",1255807,"2017-07-18",9.65615079365079,1.825,85
"790",1255807,"2017-07-19",9.23761261261261,1.3,75
"791",1255807,"2017-07-20",18.3428571428571,4.74166666666667,43
"792",1255807,"2017-07-21",10.0217948717949,2.75,79
"793",1255807,"2017-07-22",10.8682222222222,1.81666666666667,76
"794",1255807,"2017-07-23",8.93915662650602,3.1,84
"795",1255807,"2017-07-24",10.7544444444444,3.5,46
"796",1255807,"2017-07-25",100.644444444444,55.5166666666667,7
"797",1255807,"2017-07-26",22.4847222222222,3.45833333333333,37
"798",1255807,"2017-07-27",12.2439153439153,3.1,64
"799",1255807,"2017-07-28",15.6973484848485,5.59166666666667,45
"800",1255807,"2017-07-29",11.2517156862745,2.35,69
"801",1255807,"2017-07-30",7.05238095238095,1.78333333333333,99
"802",1255807,"2017-07-31",12.4209677419355,1.69166666666667,63
"803",1255807,"2017-08-01",7.82696078431373,1.6,103
"804",1255807,"2017-08-02",9.52922077922078,2.1,78
"805",1255807,"2017-08-03",9.52791666666667,3.68333333333333,81
"806",1255807,"2017-08-04",10.992039800995,2.48333333333333,68
"807",1255807,"2017-08-05",10.6559210526316,1.46666666666667,77
"808",1255807,"2017-08-06",5.75422535211268,1.80833333333333,143
"809",1255807,"2017-08-07",6.54625,1.43333333333333,121
"810",1255807,"2017-08-08",9.22854406130268,1.56666666666667,88
"811",1255807,"2017-08-09",10.4557692307692,1.39166666666667,79
"812",1255807,"2017-08-10",9.15574074074074,1.70833333333333,91
"813",1255807,"2017-08-11",8.29050387596899,1.49166666666667,87
"814",1255807,"2017-08-12",6.51205962059621,1.5,124
"815",1255807,"2017-08-13",7.43081761006289,1.825,107
"816",1255807,"2017-08-14",12.1518229166667,1.7,65
"817",1255807,"2017-08-15",10.202380952381,1.5,78
"818",1255807,"2017-08-16",11.4434343434343,1.36666666666667,67
"819",1255807,"2017-08-17",6.50777777777778,1.35833333333333,121
"820",1255807,"2017-08-18",17.8886363636364,1.84166666666667,45
"821",1255807,"2017-08-19",10.4114427860697,1.33333333333333,68
"822",1255807,"2017-08-20",10.848401826484,1.36666666666667,74
"823",1255807,"2017-08-21",10.1857456140351,1.86666666666667,77
"824",1255807,"2017-08-22",9.30627450980392,2.46666666666667,86
"825",1255807,"2017-08-23",5.58201438848921,1.46666666666667,140
"826",1255807,"2017-08-24",6.53163580246914,1.40833333333333,109
"827",1255807,"2017-08-25",15.8673333333333,3.93333333333333,51
"828",1255807,"2017-08-26",8.57134831460674,2.98333333333333,90
"829",1255807,"2017-08-27",9.82051282051282,1.85,79
"830",1255807,"2017-08-28",11.0070422535211,2.76666666666667,72
"831",1255807,"2017-08-29",9.62222222222222,1.38333333333333,73
"832",1255807,"2017-08-30",9.16707317073171,1.69166666666667,83
"833",1255807,"2017-08-31",7.63861386138614,1.66666666666667,102
"834",1255810,"2017-06-01",5.92611683848797,1.475,195
"835",1255810,"2017-06-02",5.74444444444444,1.33333333333333,172
"836",1255810,"2017-06-03",5.65316573556797,1.51666666666667,180
"837",1255810,"2017-06-04",6.50380116959064,1.98333333333333,172
"838",1255810,"2017-06-05",6.06489757914339,1.36666666666667,180
"839",1255810,"2017-06-06",5.27685624012638,1.45,212
"840",1255810,"2017-06-07",6.22490196078431,1.41666666666667,171
"841",1255810,"2017-06-08",3.78233190271817,1.35,234
"842",1255810,"2017-06-09",4.61111111111111,1.38333333333333,193
"843",1255810,"2017-06-10",6.03371428571429,1.53333333333333,176
"844",1255810,"2017-06-11",5.11899224806202,1.44166666666667,173
"845",1255810,"2017-06-12",5.27032085561497,1.3,188
"846",1255810,"2017-06-13",4.50042735042735,1.48333333333333,196
"847",1255810,"2017-06-14",7.46114649681529,1.46666666666667,158
"848",1255810,"2017-06-15",4.57425690021231,1.75,315
"849",1255810,"2017-06-16",5.12043740573152,1.51666666666667,222
"850",1255810,"2017-06-17",2.85577427821522,1.25,382
"851",1255810,"2017-06-18",6.38264248704663,1.38333333333333,194
"852",1255810,"2017-06-19",4.73039215686275,1.31666666666667,188
"853",1255810,"2017-06-20",6.42932098765432,1.34166666666667,163
"854",1255810,"2017-06-21",4.40414593698176,1.23333333333333,202
"855",1255810,"2017-06-22",5.34505050505051,1.31666666666667,166
"856",1255810,"2017-06-23",5.91328976034858,1.31666666666667,154
"857",1255810,"2017-06-24",8.68139880952381,1.55,113
"858",1255810,"2017-06-25",4.35762081784387,1.33333333333333,270
"859",1255810,"2017-06-26",3.52321981424149,1.31666666666667,324
"860",1255810,"2017-06-27",6.31328671328671,1.41666666666667,144
"861",1255810,"2017-06-28",6.59473684210526,1.5,134
"862",1255810,"2017-06-29",5.97304250559284,1.53333333333333,150
"863",1255810,"2017-06-30",5.6968152866242,1.43333333333333,158
"864",1255810,"2017-07-01",6.49610705596107,1.38333333333333,138
"865",1255810,"2017-07-02",5.6409649122807,1.44166666666667,191
"866",1255810,"2017-07-03",6.54888888888889,1.53333333333333,136
"867",1255810,"2017-07-04",5.68354700854701,1.4,157
"868",1255810,"2017-07-05",5.83837719298246,1.375,153
"869",1255810,"2017-07-06",5.2218253968254,1.325,169
"870",1255810,"2017-07-07",6.67108585858586,1.44166666666667,133
"871",1255810,"2017-07-11",5.12605531295488,1.4,230
"872",1255810,"2017-07-12",6.53151041666667,1.675,193
"873",1255810,"2017-07-13",7.16229674796748,1.60833333333333,165
"874",1255810,"2017-07-14",14.8119047619048,1.53333333333333,78
"875",1255810,"2017-07-15",7.25790598290598,1.45833333333333,157
"876",1255810,"2017-07-16",8.35846153846154,1.41666666666667,131
"877",1255810,"2017-07-17",7.60826558265583,1.3,124
"878",1255810,"2017-07-18",6.98661202185792,1.34166666666667,123
"879",1255810,"2017-07-19",4.21418010752688,1.30833333333333,249
"880",1255810,"2017-07-20",9.34652014652015,1.36666666666667,92
"881",1255810,"2017-07-21",5.02792553191489,1.19166666666667,189
"882",1255810,"2017-07-22",4.90741811175337,1.35,174
"883",1255810,"2017-07-23",9.02539682539683,1.34166666666667,127
"884",1255810,"2017-07-24",8.77902298850575,1.48333333333333,117
"885",1255810,"2017-07-25",6.00514834205934,1.36666666666667,192
"886",1255810,"2017-07-26",9.04314516129032,1.39166666666667,125
"887",1255810,"2017-07-27",10.8662037037037,1.85833333333333,109
"888",1255810,"2017-07-28",7.72984848484849,1.58333333333333,111
"889",1255810,"2017-07-29",7.93188405797101,1.41666666666667,139
"890",1255810,"2017-07-30",12.3219806763285,1.41666666666667,70
"891",1255810,"2017-07-31",4.65189255189255,1.25,274
"892",1255810,"2017-08-01",3.95919047619048,1.3,351
"893",1255810,"2017-08-02",26.7971544715447,5.58333333333333,42
"894",1255810,"2017-08-03",16.0411764705882,5.40833333333333,35
"895",1255810,"2017-08-04",19.0212121212121,4.95833333333333,45
"896",1255810,"2017-08-05",29.8985714285714,5.51666666666667,36
"897",1255810,"2017-08-06",19.6898305084746,5.18333333333333,60
"898",1255810,"2017-08-07",13.7767628205128,5.43333333333333,105
"899",1255810,"2017-08-08",12.7698863636364,5.025,89
"900",1255810,"2017-08-09",21.9548611111111,5.325,49
"901",1255810,"2017-08-10",23.3377358490566,5.48333333333333,54
"902",1255810,"2017-08-11",24.6818181818182,5.75,34
"903",1255810,"2017-08-12",11.5216101694915,5.14166666666667,119
"904",1255810,"2017-08-13",16.3438818565401,5.43333333333333,80
"905",1255810,"2017-08-14",28.3442528735632,5.06666666666667,30
"906",1255810,"2017-08-15",44.5787037037037,5.425,19
"907",1255810,"2017-08-16",25.9655913978495,4.78333333333333,32
"908",1255810,"2017-08-17",26.5324786324786,5.05,40
"909",1255810,"2017-08-18",40.2055555555556,5.16666666666667,28
"910",1255810,"2017-08-19",29.5942528735632,5.1,30
"911",1255810,"2017-08-20",22.3560185185185,5.05833333333333,37
"912",1255810,"2017-08-21",36.4840909090909,5.10833333333333,23
"913",1255810,"2017-08-22",27.9134408602151,5.55,32
"914",1255810,"2017-08-23",30.815,5.925,31
"915",1255810,"2017-08-24",35.4404761904762,5.88333333333333,29
"916",1255810,"2017-08-25",30.0890625,4.96666666666667,33
"917",1255810,"2017-08-26",39.6333333333333,5.91666666666667,28
"918",1255810,"2017-08-27",31.7848958333333,5.45833333333333,33
"919",1255810,"2017-08-28",18.9646825396825,4.85833333333333,43
"920",1255810,"2017-08-29",7.02301587301587,5.65,22
"921",1255810,"2017-08-30",23.6024509803922,4.925,35
"922",1255810,"2017-08-31",36.4635802469136,5.65,28
"923",1255811,"2017-06-01",5.03147321428571,1.36666666666667,225
"924",1255811,"2017-06-02",7.17571428571429,1.41666666666667,141
"925",1255811,"2017-06-03",6.59411027568922,1.51666666666667,134
"926",1255811,"2017-06-04",6.15839243498818,1.55,142
"927",1255811,"2017-06-05",6.78010335917313,1.38333333333333,130
"928",1255811,"2017-06-06",8.23380503144654,1.475,107
"929",1255811,"2017-06-07",9.99022988505747,1.48333333333333,88
"930",1255811,"2017-06-08",5.94225053078556,1.36666666666667,158
"931",1255811,"2017-06-09",7.38170995670996,1.45833333333333,155
"932",1255811,"2017-06-10",8.34600389863548,1.5,172
"933",1255811,"2017-06-11",6.04631205673759,1.73333333333333,236
"934",1255811,"2017-06-12",5.92100840336134,1.4,239
"935",1255811,"2017-06-13",7.22219298245614,1.575,191
"936",1255811,"2017-06-14",5.57876984126984,1.71666666666667,253
"937",1255811,"2017-06-15",6.39209039548023,1.45,178
"938",1255811,"2017-06-16",7.0744623655914,1.39166666666667,125
"939",1255811,"2017-06-17",5.69145021645022,1.38333333333333,155
"940",1255811,"2017-06-18",5.96541950113379,1.4,148
"941",1255811,"2017-06-19",6.23274231678487,1.28333333333333,142
"942",1255811,"2017-06-20",6.08402298850575,1.53333333333333,146
"943",1255811,"2017-06-21",5.53417190775681,1.3,160
"944",1255811,"2017-06-22",4.63765432098765,1.16666666666667,190
"945",1255811,"2017-06-23",7.05591397849462,1.35,125
"946",1255811,"2017-06-24",7.37177083333333,1.275,161
"947",1255811,"2017-06-25",6.21382783882784,1.46666666666667,183
"948",1255811,"2017-06-26",6.55899224806202,1.45,216
"949",1255811,"2017-06-27",8.79679089026915,1.46666666666667,162
"950",1255811,"2017-06-28",8.51895833333333,1.51666666666667,161
"951",1255811,"2017-06-29",6.78372549019608,1.3,171
"952",1255811,"2017-06-30",6.11145833333333,1.41666666666667,145
"953",1255811,"2017-07-01",7.25743801652893,1.4,122
"954",1255811,"2017-07-02",6.00985267034991,1.41666666666667,182
"955",1255811,"2017-07-03",6.62272727272727,1.58333333333333,133
"956",1255811,"2017-07-04",7.56652298850575,1.55833333333333,117
"957",1255811,"2017-07-05",6.99386666666667,1.38333333333333,126
"958",1255811,"2017-07-06",8.21745283018868,1.575,107
"959",1255811,"2017-07-07",7.38703703703704,1.46666666666667,127
"960",1255811,"2017-07-11",7.07956989247312,1.33333333333333,125
"961",1255811,"2017-07-12",7.62050147492625,1.43333333333333,114
"962",1255811,"2017-07-13",8.495,1.39166666666667,131
"963",1255811,"2017-07-14",8.03781609195402,1.38333333333333,146
"964",1255811,"2017-07-15",7.01715927750411,1.56666666666667,204
"965",1255811,"2017-07-16",5.46533078880407,1.81666666666667,263
"966",1255811,"2017-07-17",3.55901571546733,1.23333333333333,404
"967",1255811,"2017-07-18",4.08527462121212,1.20833333333333,353
"968",1255811,"2017-07-19",9.25603070175439,1.43333333333333,153
"969",1255811,"2017-07-20",9.99166666666667,1.38333333333333,113
"970",1255811,"2017-07-21",13.2524621212121,1.53333333333333,89
"971",1255811,"2017-07-22",10.9531045751634,1.36666666666667,103
"972",1255811,"2017-07-23",10.692380952381,1.41666666666667,106
"973",1255811,"2017-07-24",7.53084795321637,1.425,115
"974",1255811,"2017-07-25",7.21792717086835,1.28333333333333,120
"975",1255811,"2017-07-26",7.16407103825137,1.19166666666667,123
"976",1255811,"2017-07-27",8.69084699453552,1.34166666666667,123
"977",1255811,"2017-07-28",6.89096244131455,1.175,143
"978",1255811,"2017-07-29",8.450956284153,1.275,123
"979",1255811,"2017-07-30",7.64094488188976,1.36666666666667,128
"980",1255811,"2017-07-31",4.67148148148148,1.26666666666667,181
"981",1255811,"2017-08-01",6.53974358974359,1.25833333333333,131
"982",1255811,"2017-08-02",15.670987654321,5.28333333333333,55
"983",1255811,"2017-08-03",21.2459016393443,5.13333333333333,62
"984",1255811,"2017-08-04",20.7420903954802,5.11666666666667,60
"985",1255811,"2017-08-05",16.634,5.10833333333333,51
"986",1255811,"2017-08-06",24.1635416666667,5.74166666666667,49
"987",1255811,"2017-08-07",22.8160256410256,5.24166666666667,53
"988",1255811,"2017-08-08",31.3166666666667,5.31666666666667,37
"989",1255811,"2017-08-09",26.7508547008547,4.81666666666667,40
"990",1255811,"2017-08-10",27.2790780141844,5.3,48
"991",1255811,"2017-08-11",28.3069444444444,5.45833333333333,49
"992",1255811,"2017-08-12",22.0710526315789,5.14166666666667,39
"993",1255811,"2017-08-13",21.3059829059829,5,40
"994",1255811,"2017-08-14",21.7368421052632,5.01666666666667,39
"995",1255811,"2017-08-15",20.4943089430894,5.43333333333333,42
"996",1255811,"2017-08-16",18.4137037037037,5.38333333333333,46
"997",1255811,"2017-08-17",18.4596296296296,4.85,46
"998",1255811,"2017-08-18",24.9757575757576,5.25,34
"999",1255811,"2017-08-19",32.6424242424242,4.93333333333333,34
"1000",1255811,"2017-08-20",37.8916666666667,5.375,31
"1001",1255811,"2017-08-21",39.4,5.01666666666667,28
"1002",1255811,"2017-08-22",26.1823529411765,5.15833333333333,35
"1003",1255811,"2017-08-23",18.047037037037,5.16666666666667,46
"1004",1255811,"2017-08-24",20.3125,5.10833333333333,41
"1005",1255811,"2017-08-25",20.3855072463768,5.33333333333333,47
"1006",1255811,"2017-08-26",33.7069444444444,5.11666666666667,25
"1007",1255811,"2017-08-27",23.8450980392157,5.15,35
"1008",1255811,"2017-08-28",38.1190476190476,5.31666666666667,29
"1009",1255811,"2017-08-29",30.7288461538462,5.51666666666667,27
"1010",1255811,"2017-08-30",31.6813333333333,5.61666666666667,26
"1011",1255811,"2017-08-31",29.7925925925926,5.06666666666667,28
"1012",1255812,"2017-06-01",6.8672,3.28333333333333,126
"1013",1255812,"2017-06-02",6.73166666666667,3.33333333333333,181
"1014",1255812,"2017-06-03",6.83316062176166,2.68333333333333,194
"1015",1255812,"2017-06-04",6.77360308285164,2.51666666666667,174
"1016",1255812,"2017-06-05",9.86902173913044,3.95,93
"1017",1255812,"2017-06-06",5.31029723991507,3.15,158
"1018",1255812,"2017-06-07",8.59289855072464,2.83333333333333,116
"1019",1255812,"2017-06-08",7.80049019607843,3.26666666666667,137
"1020",1255812,"2017-06-09",7.26486742424242,2.8,177
"1021",1255812,"2017-06-10",8.89551282051282,3.925,105
"1022",1255812,"2017-06-11",13.9847517730496,3.775,95
"1023",1255812,"2017-06-12",8.28941605839416,2.96666666666667,138
"1024",1255812,"2017-06-13",5.43917197452229,3.3,158
"1025",1255812,"2017-06-14",5.09405286343612,2.2,228
"1026",1255812,"2017-06-15",8.1035519125683,2.93333333333333,123
"1027",1255812,"2017-06-16",6.53598484848485,2.55,133
"1028",1255812,"2017-06-17",8.89385113268608,2.86666666666667,104
"1029",1255812,"2017-06-18",8.11229773462783,3.03333333333333,104
"1030",1255812,"2017-06-19",7.16612903225806,2.36666666666667,187
"1031",1255812,"2017-06-20",4.73397790055249,2.4,182
"1032",1255812,"2017-06-21",5.28607456140351,2.95833333333333,153
"1033",1255812,"2017-06-22",7.4390350877193,3.4,115
"1034",1255812,"2017-06-23",7.31959064327485,2.75833333333333,115
"1035",1255812,"2017-06-24",11.2249221183801,3.38333333333333,108
"1036",1255812,"2017-06-25",19.2804093567251,5.91666666666667,58
"1037",1255812,"2017-06-26",12.058407079646,3.43333333333333,114
"1038",1255812,"2017-06-27",6.61747967479675,2.33333333333333,165
"1039",1255812,"2017-06-28",8.32799479166667,2.90833333333333,129
"1040",1255812,"2017-06-29",9.05017730496454,3.35,95
"1041",1255812,"2017-06-30",15.5385416666667,3.68333333333333,65
"1042",1255812,"2017-07-01",5.85992714025501,2.31666666666667,184
"1043",1255812,"2017-07-02",4.25119549929676,2.31666666666667,238
"1044",1255812,"2017-07-03",6.80523255813953,1.99166666666667,173
"1045",1255812,"2017-07-04",4.92851637764933,2.58333333333333,174
"1046",1255812,"2017-07-05",9.04024822695035,3.09166666666667,95
"1047",1255812,"2017-07-06",6.16518046709129,2.48333333333333,158
"1048",1255812,"2017-07-07",6.71166666666667,2.18333333333333,171
"1049",1255812,"2017-07-11",10.076862745098,2.63333333333333,86
"1050",1255812,"2017-07-12",4.16050469483568,1.4,285
"1051",1255812,"2017-07-13",10.6870833333333,3.28333333333333,121
"1052",1255812,"2017-07-14",5.17423312883436,2.18333333333333,164
"1053",1255812,"2017-07-15",8.82570921985816,2.84166666666667,95
"1054",1255812,"2017-07-16",5.83341750841751,2.56666666666667,199
"1055",1255812,"2017-07-17",21.9282051282051,3.93333333333333,66
"1056",1255812,"2017-07-18",10.794315245478,3.25,130
"1057",1255812,"2017-07-19",25.0932748538012,6.53333333333333,58
"1058",1255812,"2017-07-20",7.89298780487805,2.55833333333333,165
"1059",1255812,"2017-07-21",5.94490358126722,2.29166666666667,243
"1060",1255812,"2017-07-22",4.53801916932907,2,314
"1061",1255812,"2017-07-23",8.83991769547325,2.86666666666667,163
"1062",1255812,"2017-07-24",6.20387931034483,1.475,233
"1063",1255812,"2017-07-25",6.97156357388316,1.575,195
"1064",1255812,"2017-07-26",4.33523344191097,1.55,308
"1065",1255812,"2017-07-27",12.3829022988506,4.74166666666667,117
"1066",1255812,"2017-07-28",6.07181647940075,2.20833333333333,179
"1067",1255812,"2017-07-29",4.52653985507246,2.25,185
"1068",1255812,"2017-07-30",9.53484848484849,4.83333333333333,78
"1069",1255812,"2017-07-31",14.3831300813008,6.05,83
"1070",1255812,"2017-08-01",8.11606060606061,3.03333333333333,166
"1071",1255812,"2017-08-02",32.5065476190476,13.775,29
"1072",1255812,"2017-08-03",29.3592592592593,25.1666666666667,28
"1073",1255812,"2017-08-04",31.113768115942,14.85,24
"1074",1255812,"2017-08-05",19.0589147286822,11.6333333333333,44
"1075",1255812,"2017-08-06",18.9892857142857,14.5,43
"1076",1255812,"2017-08-07",16.6598639455782,8.06666666666667,50
"1077",1255812,"2017-08-08",15.0774691358025,5.69166666666667,55
"1078",1255812,"2017-08-09",37.8434523809524,10.375,29
"1079",1255812,"2017-08-10",17.8271739130435,7.275,47
"1080",1255812,"2017-08-11",19.5761904761905,6.20833333333333,43
"1081",1255812,"2017-08-12",15.9933333333333,7.75833333333333,51
"1082",1255812,"2017-08-13",23.2064814814815,11.4,37
"1083",1255812,"2017-08-14",11.1921985815603,5.91666666666667,48
"1084",1255812,"2017-08-15",23.2961904761905,9.06666666666667,36
"1085",1255812,"2017-08-16",40.0631578947368,17.35,20
"1086",1255812,"2017-08-17",9.42049549549549,5.41666666666667,75
"1087",1255812,"2017-08-18",28.0944444444444,9.125,25
"1088",1255812,"2017-08-19",38.962,22.35,26
"1089",1255812,"2017-08-20",31.559595959596,14.1166666666667,34
"1090",1255812,"2017-08-21",20.989837398374,10.0166666666667,42
"1091",1255812,"2017-08-22",31.985119047619,13.3916666666667,29
"1092",1255812,"2017-08-23",17.4933962264151,9.56666666666667,54
"1093",1255812,"2017-08-24",36.4183333333333,12.5833333333333,31
"1094",1255812,"2017-08-25",35.4878205128205,16.6166666666667,27
"1095",1255812,"2017-08-26",21.721875,11.3166666666667,65
"1096",1255812,"2017-08-27",17.4537037037037,5.81666666666667,64
"1097",1255812,"2017-08-28",17.7571038251366,6.85,62
"1098",1255812,"2017-08-29",28.3437984496124,9.5,44
"1099",1255812,"2017-08-30",13.8666666666667,6.43333333333333,101
"1100",1255812,"2017-08-31",15.7490421455939,5.86666666666667,88
"1101",1255814,"2017-06-01",13.89921875,7.75833333333333,65
"1102",1255814,"2017-06-02",6.65364583333333,2.15833333333333,129
"1103",1255814,"2017-06-03",8.55233333333333,2.325,101
"1104",1255814,"2017-06-04",10.5030487804878,5.50833333333333,83
"1105",1255814,"2017-06-05",8.93561403508772,3.53333333333333,96
"1106",1255814,"2017-06-06",5.35331262939959,2.6,162
"1107",1255814,"2017-06-07",4.85998168498169,2.00833333333333,183
"1108",1255814,"2017-06-08",5.56932059447983,2.7,158
"1109",1255814,"2017-06-09",4.92136015325671,2.01666666666667,175
"1110",1255814,"2017-06-10",6.39839506172839,2.8,136
"1111",1255814,"2017-06-11",5.20983935742972,2.18333333333333,167
"1112",1255814,"2017-06-12",6.86154855643045,2.66666666666667,128
"1113",1255814,"2017-06-13",5.64955849889625,2.28333333333333,152
"1114",1255814,"2017-06-14",5.47569002123142,2.38333333333333,158
"1115",1255814,"2017-06-15",9.66593406593407,3.38333333333333,92
"1116",1255814,"2017-06-16",6.91611111111111,2.475,121
"1117",1255814,"2017-06-17",8.74116666666667,3.09166666666667,101
"1118",1255814,"2017-06-18",11.5438596491228,4.40833333333333,77
"1119",1255814,"2017-06-19",10.9739316239316,5.15833333333333,79
"1120",1255814,"2017-06-20",6.9904,2.9,126
"1121",1255814,"2017-06-21",9.70486891385768,3.48333333333333,90
"1122",1255814,"2017-06-22",12.8894871794872,3.78333333333333,66
"1123",1255814,"2017-06-23",10.5379166666667,2.99166666666667,81
"1124",1255814,"2017-06-24",9.88705882352941,3.26666666666667,86
"1125",1255814,"2017-06-25",10.340243902439,3.73333333333333,83
"1126",1255814,"2017-06-26",6.91888020833333,2.325,129
"1127",1255814,"2017-06-27",8.70566666666667,3.05,101
"1128",1255814,"2017-06-28",7.81651090342679,3.46666666666667,108
"1129",1255814,"2017-06-29",9.60579710144927,3.525,93
"1130",1255814,"2017-06-30",8.17365079365079,1.93333333333333,106
"1131",1255814,"2017-07-01",11.9197777777778,3.88333333333333,76
"1132",1255814,"2017-07-02",6.5047263681592,2.65833333333333,135
"1133",1255814,"2017-07-03",6.48525641025641,2.86666666666667,131
"1134",1255814,"2017-07-04",7.09031339031339,3.3,118
"1135",1255814,"2017-07-05",7.646875,1.94166666666667,113
"1136",1255814,"2017-07-06",5.35369127516779,2.65,150
"1137",1255814,"2017-07-07",5.40854430379747,2.35833333333333,159
"1138",1255814,"2017-07-11",7.5205501618123,2.66666666666667,104
"1139",1255814,"2017-07-12",12.3838095238095,4.075,71
"1140",1255814,"2017-07-13",7.56036036036036,2.76666666666667,112
"1141",1255814,"2017-07-14",9.23794326241135,3.55833333333333,95
"1142",1255814,"2017-07-15",7.79834834834835,2.36666666666667,112
"1143",1255814,"2017-07-16",11.2190170940171,3.4,79
"1144",1255814,"2017-07-17",11.0015151515152,4.63333333333333,78
"1145",1255814,"2017-07-18",9.98522727272727,2.59166666666667,89
"1146",1255814,"2017-07-19",11.665296803653,5.93333333333333,74
"1147",1255814,"2017-07-20",9.47166666666667,4.03333333333333,91
"1148",1255814,"2017-07-21",9.98111111111111,3.58333333333333,76
"1149",1255814,"2017-07-22",7.23785310734463,2.39166666666667,119
"1150",1255814,"2017-07-23",7.47476635514019,4.2,108
"1151",1255814,"2017-07-24",11.4102222222222,2.71666666666667,76
"1152",1255814,"2017-07-25",8.15683333333333,2.29166666666667,101
"1153",1255814,"2017-07-26",8.79166666666667,4.7,95
"1154",1255814,"2017-07-27",7.74727272727273,2.73333333333333,111
"1155",1255814,"2017-07-28",8.97954545454545,2.83333333333333,89
"1156",1255814,"2017-07-29",7.32863247863248,2.26666666666667,118
"1157",1255814,"2017-07-30",7.77813455657492,2.73333333333333,110
"1158",1255814,"2017-07-31",8.49075907590759,3.16666666666667,102
"1159",1255814,"2017-08-01",10.5691983122363,4.03333333333333,80
"1160",1255814,"2017-08-02",6.64504132231405,2.33333333333333,122
"1161",1255814,"2017-08-03",10.2856164383562,4.3,74
"1162",1255814,"2017-08-04",36.7188405797101,21.8,24
"1163",1255814,"2017-08-05",36.9824561403509,24.3666666666667,20
"1164",1255814,"2017-08-06",34.4079710144928,25.3666666666667,24
"1165",1255814,"2017-08-07",31.5986111111111,23.825,25
"1166",1255814,"2017-08-08",30.8923611111111,19.3416666666667,25
"1167",1255814,"2017-08-09",40.0035087719298,16.8166666666667,20
"1168",1255814,"2017-08-10",60.8064102564103,23.3833333333333,14
"1169",1255814,"2017-08-11",58.3769230769231,61.9,14
"1170",1255814,"2017-08-12",34.9309523809524,14.9833333333333,22
"1171",1255814,"2017-08-13",28.8371794871795,25.6,27
"1172",1255814,"2017-08-14",26.0678571428571,10.9083333333333,29
"1173",1255814,"2017-08-15",31.575641025641,9.40833333333333,27
"1174",1255814,"2017-08-16",31.0225,19.6333333333333,21
"1175",1255814,"2017-08-17",34.0893939393939,20.7166666666667,23
"1176",1255814,"2017-08-18",29.486231884058,5.9,24
"1177",1255814,"2017-08-19",99.1642857142857,47.7,8
"1178",1255814,"2017-08-20",26.9206666666667,12.0833333333333,26
"1179",1255814,"2017-08-21",38.0815789473684,15.0333333333333,20
"1180",1255814,"2017-08-22",47.0697916666667,23.2,17
"1181",1255814,"2017-08-23",24.722,19.2833333333333,26
"1182",1255814,"2017-08-24",47.1636363636364,23.5666666666667,23
"1183",1255814,"2017-08-25",46.6119047619048,31.6916666666667,15
"1184",1255814,"2017-08-26",79.7560606060606,63.0333333333333,12
"1185",1255814,"2017-08-27",33.5304347826087,28.3,24
"1186",1255814,"2017-08-28",40.9378787878788,9.76666666666667,23
"1187",1255814,"2017-08-29",51.5388888888889,30.55,16
"1188",1255814,"2017-08-30",20.4561904761905,14.5166666666667,36
"1189",1255814,"2017-08-31",24.3816666666667,16.6333333333333,31
"1190",1255815,"2017-06-01",3.34744027303754,1.78333333333333,294
"1191",1255815,"2017-06-02",3.27226368159204,1.79166666666667,269
"1192",1255815,"2017-06-03",2.53071992110454,1.35,339
"1193",1255815,"2017-06-04",2.69411146161935,1.56666666666667,318
"1194",1255815,"2017-06-05",2.95275862068966,1.49166666666667,291
"1195",1255815,"2017-06-06",3.55057971014493,2,231
"1196",1255815,"2017-06-07",4.24014492753623,1.65833333333333,231
"1197",1255815,"2017-06-08",3.68234567901235,1.95833333333333,271
"1198",1255815,"2017-06-09",2.94942922374429,1.80833333333333,293
"1199",1255815,"2017-06-10",2.82650793650794,1.4,316
"1200",1255815,"2017-06-11",3.71113445378151,1.58333333333333,239
"1201",1255815,"2017-06-12",4.02813333333333,1.56666666666667,251
"1202",1255815,"2017-06-13",2.44056966897614,1.21666666666667,434
"1203",1255815,"2017-06-14",3.40136186770428,2.05,258
"1204",1255815,"2017-06-15",2.26064006650042,1.3,402
"1205",1255815,"2017-06-16",3.83479797979798,1.69166666666667,331
"1206",1255815,"2017-06-17",3.66450216450216,1.43333333333333,309
"1207",1255815,"2017-06-18",3.33034825870647,1.85,269
"1208",1255815,"2017-06-19",3.22612330198537,1.45,320
"1209",1255815,"2017-06-20",3.17947976878613,1.53333333333333,347
"1210",1255815,"2017-06-21",3.50676229508197,1.53333333333333,245
"1211",1255815,"2017-06-22",3.5957475994513,1.76666666666667,244
"1212",1255815,"2017-06-23",3.59929078014184,1.71666666666667,236
"1213",1255815,"2017-06-24",2.98385416666667,1.3,289
"1214",1255815,"2017-06-25",4.1795,1.84166666666667,201
"1215",1255815,"2017-06-26",2.98765432098765,1.26666666666667,325
"1216",1255815,"2017-06-27",4.24840579710145,1.60833333333333,231
"1217",1255815,"2017-06-28",3.86659226190476,1.925,225
"1218",1255815,"2017-06-29",2.54502415458937,1.35,346
"1219",1255815,"2017-06-30",2.3900826446281,1.3,364
"1220",1255815,"2017-07-01",2.44686057248384,1.4,362
"1221",1255815,"2017-07-02",3.34164070612669,1.38333333333333,322
"1222",1255815,"2017-07-03",3.39479166666667,1.46666666666667,289
"1223",1255815,"2017-07-04",3.482918395574,1.53333333333333,242
"1224",1255815,"2017-07-05",5.72455555555556,2.61666666666667,151
"1225",1255815,"2017-07-06",5.71485319516408,1.78333333333333,194
"1226",1255815,"2017-07-07",3.79556509298999,1.8,234
"1227",1255815,"2017-07-11",3.99587155963303,1.69166666666667,219
"1228",1255815,"2017-07-12",3.65819209039548,2.00833333333333,237
"1229",1255815,"2017-07-13",2.61585858585859,1.36666666666667,331
"1230",1255815,"2017-07-14",2.54107843137255,1.41666666666667,341
"1231",1255815,"2017-07-15",2.45616760828625,1.26666666666667,355
"1232",1255815,"2017-07-16",2.83665577342048,1.51666666666667,307
"1233",1255815,"2017-07-17",7.0766106442577,2.66666666666667,120
"1234",1255815,"2017-07-18",6.2983709273183,1.71666666666667,134
"1235",1255815,"2017-07-19",5.40584415584416,2.64166666666667,155
"1236",1255815,"2017-07-20",4.13725490196078,1.825,205
"1237",1255815,"2017-07-21",2.94334490740741,1.55833333333333,289
"1238",1255815,"2017-07-22",2.87760416666667,1.29166666666667,289
"1239",1255815,"2017-07-23",3.79860499265786,1.45,228
"1240",1255815,"2017-07-24",4.0775641025641,1.79166666666667,209
"1241",1255815,"2017-07-25",4.7878612716763,1.56666666666667,174
"1242",1255815,"2017-07-26",2.75773026315789,1.39166666666667,305
"1243",1255815,"2017-07-27",3.14354243542435,1.5,272
"1244",1255815,"2017-07-28",3.67380952380952,1.86666666666667,232
"1245",1255815,"2017-07-29",3.52842323651452,1.63333333333333,242
"1246",1255815,"2017-07-30",3.85794392523364,1.4,215
"1247",1255815,"2017-07-31",3.7605303030303,1.475,221
"1248",1255815,"2017-08-01",3.19380764163373,1.35,254
"1249",1255815,"2017-08-02",13.1179894179894,8.7,64
"1250",1255815,"2017-08-03",10.91875,7,73
"1251",1255815,"2017-08-04",16.1073717948718,5.93333333333333,53
"1252",1255815,"2017-08-05",10.7151709401709,5.45833333333333,79
"1253",1255815,"2017-08-06",11.1186936936937,6,75
"1254",1255815,"2017-08-07",14.0132768361582,8.43333333333333,60
"1255",1255815,"2017-08-08",13.8689265536723,9.88333333333333,60
"1256",1255815,"2017-08-09",13.7175438596491,8.71666666666667,58
"1257",1255815,"2017-08-10",16.2325136612022,9.06666666666667,62
"1258",1255815,"2017-08-11",15.4330845771144,5.98333333333333,68
"1259",1255815,"2017-08-12",21.3289473684211,13.75,39
"1260",1255815,"2017-08-13",14.8774691358025,7.38333333333333,55
"1261",1255815,"2017-08-14",15.5887820512821,11.6416666666667,53
"1262",1255815,"2017-08-15",11.3819444444444,5.89166666666667,73
"1263",1255815,"2017-08-16",18.3647727272727,14.95,45
"1264",1255815,"2017-08-17",11.54375,8.175,73
"1265",1255815,"2017-08-18",11.4286384976526,5.7,72
"1266",1255815,"2017-08-19",16.4534013605442,10.75,50
"1267",1255815,"2017-08-20",11.974494949495,8.175,67
"1268",1255815,"2017-08-21",11.5961352657005,6,70
"1269",1255815,"2017-08-22",15.1238993710692,7.91666666666667,54
"1270",1255815,"2017-08-23",13.005,5.89166666666667,61
"1271",1255815,"2017-08-24",12.6904761904762,6,64
"1272",1255815,"2017-08-25",13.3531073446328,5.4,60
"1273",1255815,"2017-08-26",12.9133333333333,7.66666666666667,61
"1274",1255815,"2017-08-27",10.8538288288288,5.675,75
"1275",1255815,"2017-08-28",9.87958333333333,5.30833333333333,81
"1276",1255815,"2017-08-29",16.4614583333333,12.575,49
"1277",1255815,"2017-08-30",9.64514767932489,5,80
"1278",1255815,"2017-08-31",11.8780303030303,5.31666666666667,67
